<?xml version="1.0" encoding="utf-8"?><!DOCTYPE nta PUBLIC '-//Uppaal Team//DTD Flat System 1.1//EN' 'http://www.it.uu.se/research/group/darts/uppaal/flat-1_1.dtd'><nta><declaration>//Insert declarations of global clocks, variables, constants and channels.
urgent chan Go;

const int n := 10;					//Defines the size of arrays
int in_array[n] := { 1, 7, 4, 32, 54, 9, 18, 97, 44, 16}; //Producer reads from this instead of stdin
int out_array[n];					//Consumer prints to this instead of stdout
int buff;
int[0,n] p := 0;
int[0,n] c := 0;</declaration><template><name x="5" y="5">Producer</name><declaration>//Insert local declarations of clocks, variables and constants.
int a[n];
int i := 0;			//counters must be declared in Uppaal
</declaration><location id="id0" x="248" y="168"><name x="238" y="138">Start</name></location><location id="id1" x="248" y="288"></location><init ref="id0"/><transition><source ref="id0"/><target ref="id1"/><label kind="guard" x="256" y="192">i &gt; n</label><label kind="synchronisation" x="256" y="208">Go !</label></transition><transition><source ref="id0"/><target ref="id0"/><label kind="guard" x="80" y="152">i &lt;= n</label><label kind="synchronisation" x="80" y="168">Go !</label><label kind="assignment" x="80" y="184">a[i] := in_array[i]</label><nail x="184" y="144"/><nail x="184" y="200"/></transition></template><template><name x="5" y="5">Consumer</name><declaration>
int b[n];
int i;			//counters must be declared in Uppaal
</declaration><location id="id2" x="272" y="160"><name x="262" y="130">Start</name></location><location id="id3" x="272" y="272"></location><init ref="id2"/><transition><source ref="id3"/><target ref="id3"/><label kind="guard" x="80" y="264">i &lt;= n</label><label kind="synchronisation" x="80" y="280">Go !</label><label kind="assignment" x="80" y="296">out_array[i] := b[i]</label><nail x="200" y="248"/><nail x="200" y="320"/></transition></template><template><name x="5" y="5">Hurry</name><location id="id4" x="256" y="136"></location><init ref="id4"/><transition><source ref="id4"/><target ref="id4"/><label kind="synchronisation" x="240" y="184">Go ?</label><nail x="208" y="184"/><nail x="288" y="184"/></transition></template><system>//Insert process assignments.
P := Producer ();
C := Consumer ();
H := Hurry ();
//Edit system definition.
system P, C, H;</system></nta>